Vault|0x869855168858364368e62A5D1D092cc1dbD31f5a
VaultUpgradeableBeacon|0x15f7f910e5a8c86e609fd11c58f7342d86d3a25c
ConnectorRegistry|0xdE63817c82e93499357aE198518f90Ac1bE93A72
VaultFactoryImpl|0x4A1Ede66750e8e44a1569A4Af3F53fb31De3Dd32
ExternalAccessControlImpl|0x533DD3A719968Dba0cf454C2B2a692d196DF3605
FeeDispatcherImpl|0x637F9D0E032EFb98fe8Ae55C6D798FD54060Be04
BlockListImpl|0x7e7F84Da187117e06AbB03E1454E07Af42D0E4BE
BlockListFactory|0x0d87F2834b4766CAf25aD5dBE193BEd70f5D9458
BlockListUpgradeableBeacon|0xB58700939159Db7a47b64FF74cF98150AccBF904
AaveV3Connector|0x08c28e1c82C09487DCB15a3e0839e8C888EeE3CD
CompoundV3Connector|0xbeaa30DCB697CFFB64E319A3Fc4b0688Be5aE790
SDAIConnector|0x22Fc700401FABbB7de1872461E8733d74e02f88a
MetamorphoConnector_USDC|0xDa5FfFCF097A95E0aE6e6eC9b966da5ba89844f2
MetamorphoConnector_USDT|0xD64f05bC43a52134dbBC6eBe8c1A7C1C1e41D3F2
AngleSavingConnector_STUSD|0x3443Ea9BcC9E1E515e567a278bDae103e7324d1d
MetamorphoConnector_USDA|0x7398542b18B9d0b532388BEFF137eE8C494Dcf40
MetamorphoConnector_USDC_PRIME|0x57755c439eC0F4A2a99a9437b7C26932E00E03B0
MetamorphoConnector_USDT_PRIME|0x508f624bD2B6954be47ddb78053D54EeF9631f16
SUSDSConnector|0xe68c8E20C4E469800A13ABeBF0Dfd094CC2C4DE2
MetamorphoConnector_LBTC|0xfF96f6D7A09e23DEbc4aE32915A4F49af0B3Eb88
MetamorphoConnector_ETH|0x1285BBcc1b35a641e1169AfD237d5A136ceDb257
AngleSavingConnector_STEUR|0xd48BDf1Ad3557b8e770e1730d3738dfd6e26fCfE
